pair,order,variant,total_seconds,bootstrap_build_seconds,codegen_seconds,solution_build_seconds,tests_seconds
0,static/dynamic,static,200.11501676399996,10.774849738000057,0.9157766360000323,25.58295815100007,162.84089101100005
0,static/dynamic,dynamic,198.874176788,0,0,23.028476447000003,175.84558494599992
1,static/dynamic,static,166.27406748700002,9.168114911000032,0.6787055030000033,28.068209923999973,128.35859190000002
1,static/dynamic,dynamic,164.95244897600003,0,0,27.97667788199999,136.9756584559999
2,static/dynamic,static,153.793836479,9.966101846000015,0.6127625070000136,28.896814860000006,114.31777023999996
2,static/dynamic,dynamic,144.327606662,0,0,26.698767698999973,117.62871575199995
3,dynamic/static,dynamic,183.348557267,0,0,31.36896232800001,151.97948020599995
3,dynamic/static,static,177.5813068430001,9.030581557999994,0.7055292989999771,30.295901316000027,137.54886129099998
4,static/dynamic,static,199.835402607,12.269825107999964,0.913719173000004,27.35588842100003,159.29545318700002
4,static/dynamic,dynamic,196.49503784499996,0,0,27.437858549999987,169.057084207
5,dynamic/static,dynamic,193.942829185,0,0,22.52902274799999,171.413692836
5,dynamic/static,static,192.571289654,11.15182143800007,0.8425171579999642,26.645964482999943,153.93048483000007
6,dynamic/static,dynamic,197.88599144799997,0,0,29.592810815999997,168.29306365499997
6,dynamic/static,static,193.437249124,9.425209586999927,0.8711244119999719,25.243051306999973,157.897348878
7,static/dynamic,static,168.00266171599992,9.277870182000015,0.6690336409999986,30.180804201999933,127.87451594699996
7,static/dynamic,dynamic,159.380194137,0,0,24.635397417000036,134.744706296
8,static/dynamic,static,196.44199870199998,10.84147945199993,0.8686077539999815,28.746890395000037,155.984551764
8,static/dynamic,dynamic,193.54627685700007,0,0,23.351381871999934,170.19479079899997
9,dynamic/static,dynamic,200.54593990900003,0,0,23.418366380000066,177.127448566
9,dynamic/static,static,211.163895541,11.82620216600003,0.9135225409999066,28.757123567000008,169.66656252200005
10,static/dynamic,static,146.99671093400002,8.185896705000005,0.5138022680000063,26.33520522499998,111.96136146400005
10,static/dynamic,dynamic,136.56477361499992,0,0,23.52784026200004,113.036821154
11,dynamic/static,dynamic,197.17438492399998,0,0,24.90077124499993,172.273519803
11,dynamic/static,static,196.550247195,10.228136161999942,0.8738189920001105,26.022646162,159.42519983399995
12,static/dynamic,static,209.689856566,12.528838200999985,0.8897807409999814,27.956529901999943,168.31416045799995
12,static/dynamic,dynamic,207.28959633099998,0,0,24.84304935,182.44643018499994
13,static/dynamic,static,195.612532257,11.131496205999952,0.8389911140000095,28.23846956600005,155.40304193199995
13,static/dynamic,dynamic,196.55873393499996,0,0,21.333462607,175.22514874199987
14,dynamic/static,dynamic,195.63950268999997,0,0,24.28889299299999,171.350514018
14,dynamic/static,static,192.99358653399997,9.833451259999947,0.8622532900000124,24.61870788200008,157.67869454599997
15,dynamic/static,dynamic,174.259848368,0,0,27.860630657,146.39910866900004
15,dynamic/static,static,167.77167823699995,9.80651965800007,0.686627145999978,26.301987561000033,130.976119325
16,dynamic/static,dynamic,173.87237129400006,0,0,26.986691844000006,146.88555281899994
16,dynamic/static,static,183.62148851200004,10.069873742000027,0.7943960000000061,30.86103765100006,141.89563255299993
17,dynamic/static,dynamic,129.44898223399997,0,0,24.188102696000044,105.260767348
17,dynamic/static,static,137.19136726199997,7.893657465999922,0.4935363119999465,25.80984532399998,102.99391382400006
18,static/dynamic,static,177.26006625400004,8.801770465999994,0.690956119999953,29.227204647999997,138.53966780500002
18,static/dynamic,dynamic,175.95349315200008,0,0,28.79138398300006,147.1619962279999
19,dynamic/static,dynamic,204.48276751499998,0,0,25.14546132800001,179.33203161400002
19,dynamic/static,static,195.99262057200008,10.291153234000035,0.9158067189999883,25.336888885000008,159.44807043900005
